"BSCID","VENDOR","REGION","TRAU","TRX","MSCID","LAUNCH_DATE","TEAM","DEPT","SUB_TEAM","NE_GROUP","LOCATION_NAME","SMS_CSSR","SMS_DRC","NSEI","ACTIVE_DATE","PROVINCE","LONGITUDE","LATITUDE","NE_TYPE"
"MBNAVI1H","HUAWEI","MB",,,"",,"TVT Nghệ An","ĐVT Nghệ An","TVT Nghệ An","","Vinh",,,"",,"Nghệ An","","","BSC"
"MBNAVI2H","HUAWEI","MB",,,"",,"TVT Nghệ An","ĐVT Nghệ An","TVT Nghệ An","","Vinh",,,"",,"Nghệ An","","","BSC"
"MBTHTH1H","HUAWEI","MB",,,"",,"TVT Thanh Hóa","ĐVT Nghệ An","TVT Thanh Hóa","","Vinh",,,"",,"Nghệ An","","","BSC"
"BSG081E","ERICSSON","MN",,,"",,"TVT 5","ĐVT Tây","TVT 5","","Q.8",,,"",,"Hồ Chí Minh","","","BSC"
"BSGCC1N","NOKIA SIEMENS","MN",,,"",,"TVT 6","ĐVT Tây","TVT 6","","H.Củ Chi",,,"",,"Hồ Chí Minh","","","BSC"
"BSGTB3E","ERICSSON","MN",,,"",,"TVT 7","ĐVT Tây","TVT 7","","Q.Tân Bình",,,"",,"Hồ Chí Minh","","","BSC"
"BSGTB1E","ERICSSON","MN",,,"",,"TVT 7","ĐVT Tây","TVT 7","","Q.Tân Bình",,,"",,"Hồ Chí Minh","","","BSC"
"BSG121N","NOKIA SIEMENS","MN",,,"",,"TVT 7","ĐVT Tây","TVT 7","","Q.12",,,"",,"Hồ Chí Minh","","","BSC"
"BSGBT1E","ERICSSON","MN",,,"",,"TVT 8","ĐVT Tây","TVT 8","","Q.Bình Tân",,,"",,"Hồ Chí Minh","","","BSC"
"BSGTP2E","ERICSSON","MN",,,"",,"TVT 8","ĐVT Tây","TVT 8","","Q.Tân Phú",,,"",,"Hồ Chí Minh","","","BSC"
"BSGTP1E","ERICSSON","MN",,,"",,"TVT 8","ĐVT Tây","TVT 8","","Q.Tân Phú",,,"",,"Hồ Chí Minh","","","BSC"
"BSGBI3E","ERICSSON","MN",,,"",,"TVT 8","ĐVT Tây","TVT 8","","Q.Binh Thạnh",,,"",,"Hồ Chí Minh","","","BSC"
"BSGBI2E","ERICSSON","MN",,,"",,"TVT 8","ĐVT Tây","TVT 8","","Q.Binh Thạnh",,,"",,"Hồ Chí Minh","","","BSC"
"BSGBI1E","ERICSSON","MN",,,"",,"TVT 8","ĐVT Tây","TVT 8","","Q.Binh Thạnh",,,"",,"Hồ Chí Minh","","","BSC"
"BSG061E","ERICSSON","MN",,,"",,"TVT 8","ĐVT Tây","TVT 8","","Q.6",,,"",,"Hồ Chí Minh","","","BSC"
"BSGBT2E","ERICSSON","MN",,,"",,"TVT 8","ĐVT Tây","TVT 8","","Q.Bình Tân",,,"",,"Hồ Chí Minh","","","BSC"
"BHNCG1E","ERICSSON","MB",,,"",,"TVT2","ĐVT Hà Nội 1","TVT2","","Cầu Giấy",,,"",,"Hà Nội","","","BSC"
"BHUE04H","HUAWEI","MT",,,"",,"TVT Huế","ĐVT Đà Nẵng","TVT Huế","","Huế",,,"",,"Huế","","","BSC"
"BHUE03E","ERICSSON","MT",,,"",,"TVT Huế","ĐVT Đà Nẵng","TVT Huế","","Huế",,,"",,"Huế","","","BSC"
"BHUE05H","HUAWEI","MT",,,"",,"TVT Huế","ĐVT Đà Nẵng","TVT Huế","","Huế",,,"",,"Huế","","","BSC"
"BHUE02H","HUAWEI","MT",,,"",,"TVT Huế","ĐVT Đà Nẵng","TVT Huế","","Huế",,,"",,"Huế","","","BSC"
"BHUE01H","HUAWEI","MT",,,"",,"TVT Huế","ĐVT Đà Nẵng","TVT Huế","","Huế",,,"",,"Huế","","","BSC"
"iHNHM3H","HUAWEI","MB",,,"",,"TVT3","ĐVT Hà Nội 1","TVT3","","Hoàng Mai",,,"",,"Hà Nội","","","BSC"
"BHNHM1E","ERICSSON","MB",,,"",,"TVT2","ĐVT Hà Nội 1","TVT2","","Hoàng Mai",,,"",,"Hà Nội","","","BSC"
"BKHNT02N","NOKIA SIEMENS","MT",,,"",,"TVT Khánh Hòa","ĐVT Bình Định","TVT Vũng Tàu","","Nha Trang",,,"",,"Khánh Hòa","","","BSC"
"BKHNT01N","NOKIA SIEMENS","MT",,,"",,"TVT Khánh Hòa","ĐVT Bình Định","TVT Khánh Hòa","","Nha Trang",,,"",,"Khánh Hòa","","","BSC"
"BNTR01N","NOKIA SIEMENS","MT",,,"",,"TVT Khánh Hòa","ĐVT Bình Định","TVT Khánh Hòa","","Nha Trang",,,"",,"Khánh Hòa","","","BSC"
"BNTR02N","NOKIA SIEMENS","MT",,,"",,"TVT Khánh Hòa","ĐVT Bình Định","TVT Khánh Hòa","","Nha Trang",,,"",,"Khánh Hòa","","","BSC"
"BKGG06Z","ZTE","MN",,,"",,"TVT Kiên Giang","ĐVT Cần Thơ","TVT Kiên Giang","","Rạch Giá",,,"",,"Kiên Giang","","","BSC"
"BKGG05Z","ZTE","MN",,,"",,"TVT Kiên Giang","ĐVT Cần Thơ","TVT Kiên Giang","","Rạch Giá",,,"",,"Kiên Giang","","","BSC"
"BKGG03Z","ZTE","MN",,,"",,"TVT Kiên Giang","ĐVT Cần Thơ","TVT Kiên Giang","","Rạch Giá",,,"",,"Kiên Giang","","","BSC"
"BKGG02E","ERICSSON","MN",,,"",,"TVT Phú Quốc","ĐVT Cần Thơ","TVT Phú Quốc","","Phú Quốc",,,"",,"Kiên Giang","","","BSC"
"BKGG04E","ERICSSON","MN",,,"",,"TVT Kiên Giang","ĐVT Cần Thơ","TVT Kiên Giang","","Rạch Giá",,,"",,"Kiên Giang","","","BSC"
"BKGG01Z","ZTE","MN",,,"",,"TVT Kiên Giang","ĐVT Cần Thơ","TVT Kiên Giang","","Rạch Giá",,,"",,"Kiên Giang","","","BSC"
"BKTM05A","ALCATEL","MT",,,"",,"TVT Kon Tum","ĐVT Daklak","TVT Kon Tum","","Kon Tum",,,"",,"Kon Tum","","","BSC"
"BKTM04A","ALCATEL","MT",,,"",,"TVT Kon Tum","ĐVT Daklak","TVT Kon Tum","","Kon Tum",,,"",,"Kon Tum","","","BSC"
"BKTM02A","ALCATEL","MT",,,"",,"TVT Kon Tum","ĐVT Daklak","TVT Kon Tum","","Kon Tum",,,"",,"Kon Tum","","","BSC"
"BHNHM2E","ERICSSON","MB",,,"",,"TVT1","ĐVT Hà Nội 2","TVT1","","Hoàng Mai",,,"",,"Hà Nội","","","BSC"
"BLDDL1A","ALCATEL","MN",,,"",,"TVT Bảo Lộc","ĐVT Đồng Nai","TVT Bảo Lộc","","Buôn Ma Thuột",,,"",,"Lâm Đồng","","","BSC"
"BLDBL1A","ALCATEL","MN",,,"",,"TVT Bảo Lộc","ĐVT Đồng Nai","TVT Bảo Lộc","","Buôn Ma Thuột",,,"",,"Lâm Đồng","","","BSC"
"BLDBA1A","ALCATEL","MN",,,"",,"TVT Bảo Lộc","ĐVT Đồng Nai","TVT Bảo Lộc","","Buôn Ma Thuột",,,"",,"Lâm Đồng","","","BSC"
"BLDDT1A","ALCATEL","MN",,,"",,"TVT Đà Lạt","ĐVT Đồng Nai","TVT Đà Lạt","","Buôn Ma Thuột",,,"",,"Lâm Đồng","","","BSC"
"BLDDD1A","ALCATEL","MN",,,"",,"TVT Đà Lạt","ĐVT Đồng Nai","TVT Đà Lạt","","Buôn Ma Thuột",,,"",,"Lâm Đồng","","","BSC"
"BLDDA1A","ALCATEL","MN",,,"",,"TVT Đà Lạt","ĐVT Đồng Nai","TVT Đà Lạt","","Buôn Ma Thuột",,,"",,"Lâm Đồng","","","BSC"
"iHNCG3H","HUAWEI","MB",,,"",,"TVT2","ĐVT Hà Nội 2","TVT2","","Cầu Giấy",,,"",,"Hà Nội","","","BSC"
"iHNHM2H","HUAWEI","MB",,,"",,"TVT2","ĐVT Hà Nội 2","TVT2","","Hoàng Mai",,,"",,"Hà Nội","","","BSC"
"BLATA4H","HUAWEI","MN",,,"",,"TVT Long An","ĐVT Bình Dương","TVT Long An","","TX Tân An",,,"",,"Long An","","","BSC"
"BLATA2H","HUAWEI","MN",,,"",,"TVT Long An","ĐVT Bình Dương","TVT Long An","","TX Tân An",,,"",,"Long An","","","BSC"
"BLATA1H","HUAWEI","MN",,,"",,"TVT Long An","ĐVT Bình Dương","TVT Long An","","TX Tân An",,,"",,"Long An","","","BSC"
"BLABL1H","HUAWEI","MN",,,"",,"TVT Long An","ĐVT Bình Dương","TVT Long An","","Bến Lức",,,"",,"Long An","","","BSC"
"BLATA3H","HUAWEI","MN",,,"",,"TVT Long An","ĐVT Bình Dương","TVT Long An","","TX Tân An",,,"",,"Long An","","","BSC"
"HA_TAY_1","ALCATEL","MB",,,"",,"TVT2","ĐVT Hà Nội 2","TVT2","","Hà Đông",,,"",,"Hà Nội","","","BSC"
"iHNCG2H","HUAWEI","MB",,,"",,"TVT3","ĐVT Hà Nội 2","TVT3","","Cầu Giấy",,,"",,"Hà Nội","","","BSC"
"SON_TAY_1","ALCATEL","MB",,,"",,"TVT3","ĐVT Hà Nội 2","TVT3","","Sơn Tây",,,"",,"Hà Nội","","","BSC"
"SON_TAY_2","ALCATEL","MB",,,"",,"TVT3","ĐVT Hà Nội 2","TVT3","","Sơn Tây",,,"",,"Hà Nội","","","BSC"
"HUNG_YEN_1","ALCATEL","MB",,,"",,"TVT Hưng Yên","ĐVT Hải Phòng","TVT Hưng Yên","","Hưng Yên",,,"",,"Hưng Yên","","","BSC"
"BNTPR1A","ALCATEL","MN",,,"",,"TVT Ninh Thuận","ĐVT Đồng Nai","TVT Ninh Thuận","","Tp. Phan Rang",,,"",,"Ninh Thuận","","","BSC"
"BNTNS2A","ALCATEL","MN",,,"",,"TVT Ninh Thuận","ĐVT Đồng Nai","TVT Ninh Thuận","","Ninh Sơn",,,"",,"Ninh Thuận","","","BSC"
"BNTNP1A","ALCATEL","MN",,,"",,"TVT Ninh Thuận","ĐVT Đồng Nai","TVT Ninh Thuận","","Ninh Phước",,,"",,"Ninh Thuận","","","BSC"
"BNTNH1A","ALCATEL","MN",,,"",,"TVT Ninh Thuận","ĐVT Đồng Nai","TVT Ninh Thuận","","Ninh Hải",,,"",,"Ninh Thuận","","","BSC"
"BVTVT2N","NOKIA SIEMENS","MN",,,"",,"TVT Vũng Tàu","ĐVT Đồng Nai","TVT Vũng Tàu","","Tp. Vũng Tàu",,,"",,"Bà Rịa Vũng Tàu","","","BSC"
"HUNG_YEN_2","ALCATEL","MB",,,"",,"TVT Hưng Yên","ĐVT Hải Phòng","TVT Hưng Yên","","Hưng Yên",,,"",,"Hưng Yên","","","BSC"
"UONG_BI_2","ALCATEL","MB",,,"",,"TVT Quảng Ninh","ĐVT Hải Phòng","TVT Quảng Ninh","","Quảng Ninh",,,"",,"Quảng Ninh","","","BSC"
"BPYN02N","NOKIA SIEMENS","MT",,,"",,"TVT Phú Yên","ĐVT Bình Định","TVT Phú Yên","","Tuy Hòa",,,"",,"Phú Yên","","","BSC"
"BPYN01N","NOKIA SIEMENS","MT",,,"",,"TVT Phú Yên","ĐVT Bình Định","TVT Phú Yên","","Tuy Hòa",,,"",,"Phú Yên","","","BSC"
"BPYPY02N","NOKIA SIEMENS","MT",,,"",,"TVT Phú Yên","ĐVT Bình Định","TVT Phú Yên","","Tuy Hòa",,,"",,"Phú Yên","","","BSC"
"BPYPY01N","NOKIA SIEMENS","MT",,,"",,"TVT Phú Yên","ĐVT Bình Định","TVT Phú Yên","","Tuy Hòa",,,"",,"Phú Yên","","","BSC"
"BQNHL1E","ERICSSON","MB",,,"",,"TVT Quảng Ninh","ĐVT Hải Phòng","TVT Quảng Ninh","","Quảng Ninh",,,"",,"Quảng Ninh","","","BSC"
"iHNHM1H","HUAWEI","MB",,,"",,"TVT Thái Bình","ĐVT Hải Phòng","TVT Thái Bình","","Thái Bình",,,"",,"Thái Bình","","","BSC"
"BDAN10E","ERICSSON","MT",,,"",,"TVT Quảng Nam","ĐVT Đà Nẵng","TVT Quảng Nam","","Tam Kỳ",,,"",,"Quảng Nam","","","BSC"
"BQNM02E","ERICSSON","MT",,,"",,"TVT Quảng Nam","ĐVT Đà Nẵng","TVT Quảng Nam","","Tam Kỳ",,,"",,"Quảng Nam","","","BSC"
"BQNM01E","ERICSSON","MT",,,"",,"TVT Quảng Nam","ĐVT Đà Nẵng","TVT Quảng Nam","","Tam Kỳ",,,"",,"Quảng Nam","","","BSC"
"BTGG05H","HUAWEI","MN",,,"",,"TVT Tiền Giang","ĐVT Tiền Giang","TVT Tiền Giang","","Mỹ Tho",,,"",,"Tiền Giang","","","BSC"
"BTGG04H","HUAWEI","MN",,,"",,"TVT Tiền Giang","ĐVT Tiền Giang","TVT Tiền Giang","","Mỹ Tho",,,"",,"Tiền Giang","","","BSC"
"BTGG03H","HUAWEI","MN",,,"",,"TVT Tiền Giang","ĐVT Tiền Giang","TVT Tiền Giang","","Mỹ Tho",,,"",,"Tiền Giang","","","BSC"
"BTGG02H","HUAWEI","MN",,,"",,"TVT Tiền Giang","ĐVT Tiền Giang","TVT Tiền Giang","","Mỹ Tho",,,"",,"Tiền Giang","","","BSC"
"BTGG01H","HUAWEI","MN",,,"",,"TVT Tiền Giang","ĐVT Tiền Giang","TVT Tiền Giang","","Mỹ Tho",,,"",,"Tiền Giang","","","BSC"
"BTVH03H","HUAWEI","MN",,,"",,"TVT Trà Vinh","ĐVT Tiền Giang","TVT Trà Vinh","","Trà Vinh",,,"",,"Trà Vinh","","","BSC"
"BTVH02H","HUAWEI","MN",,,"",,"TVT Trà Vinh","ĐVT Tiền Giang","TVT Trà Vinh","","Trà Vinh",,,"",,"Trà Vinh","","","BSC"
"BTVH01H","HUAWEI","MN",,,"",,"TVT Trà Vinh","ĐVT Tiền Giang","TVT Trà Vinh","","Trà Vinh",,,"",,"Trà Vinh","","","BSC"
"MBHDHD1H","HUAWEI","MB",,,"",,"TVT Hải Dương","ĐVT Hải Phòng","TVT Hải Dương","","Hải Dương",,,"",,"Hải Dương","","","BSC"
"BVLG03E","ERICSSON","MN",,,"",,"TVT Vĩnh Long","ĐVT Tiền Giang","TVT Vĩnh Long","","TP Vĩnh Long",,,"",,"Vĩnh Long","","","BSC"
"BVLG02E","ERICSSON","MN",,,"",,"TVT Vĩnh Long","ĐVT Tiền Giang","TVT Vĩnh Long","","TP Vĩnh Long",,,"",,"Vĩnh Long","","","BSC"
"BVLG01E","ERICSSON","MN",,,"",,"TVT Vĩnh Long","ĐVT Tiền Giang","TVT Vĩnh Long","","TP Vĩnh Long",,,"",,"Vĩnh Long","","","BSC"
"MBHDHD2H","HUAWEI","MB",,,"",,"TVT Hải Dương","ĐVT Hải Phòng","TVT Hải Dương","","Hải Dương",,,"",,"Hải Dương","","","BSC"
"MBHPHA1H","HUAWEI","MB",,,"",,"TVT Hải Phòng","ĐVT Hải Phòng","TVT Hải Phòng","","Lê Chân",,,"",,"Hải Phòng","","","BSC"
"MBHPHA2H","HUAWEI","MB",,,"",,"TVT Hải Phòng","ĐVT Hải Phòng","TVT Hải Phòng","","Lê Chân",,,"",,"Hải Phòng","","","BSC"
"BAGG03E","ERICSSON","MN",,,"",,"TVT An Giang","ĐVT Cần Thơ","TVT An Giang","","Long Xuyên",,,"",,"An Giang","","","BSC"
"BAGG02E","ERICSSON","MN",,,"",,"TVT An Giang","ĐVT Cần Thơ","TVT An Giang","","Long Xuyên",,,"",,"An Giang","","","BSC"
"BAGG01E","ERICSSON","MN",,,"",,"TVT An Giang","ĐVT Cần Thơ","TVT An Giang","","Long Xuyên",,,"",,"An Giang","","","BSC"
"BAGI01E","ERICSSON","MN",,,"",,"TVT An Giang","ĐVT Cần Thơ","TVT An Giang","","Long Xuyên",,,"",,"An Giang","","","BSC"
"BVTBR1N","NOKIA SIEMENS","MN",,,"",,"TVT Vũng Tàu","ĐVT Đồng Nai","TVT Vũng Tàu","","Tp. Vũng Tàu",,,"",,"Bà Rịa Vũng Tàu","","","BSC"
"BVTVT1N","NOKIA SIEMENS","MN",,,"",,"TVT Vũng Tàu","ĐVT Đồng Nai","TVT Vũng Tàu","","Tp. Vũng Tàu",,,"",,"Bà Rịa Vũng Tàu","","","BSC"
"MBHPHA3H","HUAWEI","MB",,,"",,"TVT Hải Phòng","ĐVT Hải Phòng","TVT Hải Phòng","","Lê Chân",,,"",,"Hải Phòng","","","BSC"
"MBHPHA4H","HUAWEI","MB",,,"",,"TVT Hải Phòng","ĐVT Hải Phòng","TVT Hải Phòng","","Lê Chân",,,"",,"Hải Phòng","","","BSC"
"HOA_BINH_1","ALCATEL","MB",,,"",,"TVT Hòa Bình","ĐVT Nam Định","TVT Hòa Bình","","Hòa Bình",,,"",,"Hòa Bình","","","BSC"
"BBLU04Z","ZTE","MN",,,"",,"TVT Bạc Liêu","ĐVT Cần Thơ","TVT Bạc Liêu","","Bạc Liêu",,,"",,"Bạc Liêu","","","BSC"
"BBLU01Z","ZTE","MN",,,"",,"TVT Bạc Liêu","ĐVT Cần Thơ","TVT Bạc Liêu","","Bạc Liêu",,,"",,"Bạc Liêu","","","BSC"
"BNDND1H","HUAWEI","MB",,,"",,"TVT Nam Định","ĐVT Nam Định","TVT Nam Định","","Nam Định",,,"",,"Nam Định","","","BSC"
"NINH_BINH_1","ALCATEL","MB",,,"",,"TVT Ninh Bình","ĐVT Nam Định","TVT Ninh Bình","","Ninh Bình",,,"",,"Ninh Bình","","","BSC"
"BBTE04H","HUAWEI","MN",,,"",,"TVT Bến Tre","ĐVT Tiền Giang","TVT Bến Tre","","Bến Tre",,,"",,"Bến Tre","","","BSC"
"BBTE02H","HUAWEI","MN",,,"",,"TVT Bến Tre","ĐVT Tiền Giang","TVT Bến Tre","","Bến Tre",,,"",,"Bến Tre","","","BSC"
"BBTE03H","HUAWEI","MN",,,"",,"TVT Bến Tre","ĐVT Tiền Giang","TVT Bến Tre","","Bến Tre",,,"",,"Bến Tre","","","BSC"
"BQNH02E","ERICSSON","MT",,,"",,"TVT Bình Định","ĐVT Bình Định","TVT Bình Định","","Qui Nhơn",,,"",,"Bình Định","","","BSC"
"BQNH03E","ERICSSON","MT",,,"",,"TVT Bình Định","ĐVT Bình Định","TVT Bình Định","","Qui Nhơn",,,"",,"Bình Định","","","BSC"
"BQNH04E","ERICSSON","MT",,,"",,"TVT Bình Định","ĐVT Bình Định","TVT Bình Định","","Qui Nhơn",,,"",,"Bình Định","","","BSC"
"BBDTM1N","NOKIA SIEMENS","MN",,,"",,"TVT Bình Dương","ĐVT Bình Dương","TVT Bình Dương","","TX. Thủ Dầu Một",,,"",,"Bình Dương","","","BSC"
"BBDPG1A","ALCATEL","MN",,,"",,"TVT Bình Dương","ĐVT Bình Dương","TVT Bình Dương","","Phú Giáo",,,"",,"Bình Dương","","","BSC"
"BBDDT2A","ALCATEL","MN",,,"",,"TVT Bình Dương","ĐVT Bình Dương","TVT Bình Dương","","Dầu Tiếng",,,"",,"Bình Dương","","","BSC"
"BBDBC2A","ALCATEL","MN",,,"",,"TVT Bình Dương","ĐVT Bình Dương","TVT Bình Dương","","Bến Cát",,,"",,"Bình Dương","","","BSC"
"BBDTA1N","NOKIA SIEMENS","MN",,,"",,"TVT Bình Phước","ĐVT Bình Dương","TVT Bình Phước","","Thuận An",,,"",,"Bình Dương","","","BSC"
"BBPDX2N","NOKIA SIEMENS","MN",,,"",,"TVT Bình Phước","ĐVT Bình Dương","TVT Bình Phước","","TX. Đồng xoài",,,"",,"Bình Phước","","","BSC"
"BBPGM1A","ALCATEL","MN",,,"",,"TVT Bình Phước","ĐVT Bình Dương","TVT Bình Phước","","TX. Đồng xoài",,,"",,"Bình Phước","","","BSC"
"BBPLN1A","ALCATEL","MN",,,"",,"TVT Bình Phước","ĐVT Bình Dương","TVT Bình Phước","","Lộc Ninh",,,"",,"Bình Phước","","","BSC"
"BBPDX1A","ALCATEL","MN",,,"",,"TVT Bình Phước","ĐVT Bình Dương","TVT Bình Phước","","TX. Đồng xoài",,,"",,"Bình Phước","","","BSC"
"BBPBL1A","ALCATEL","MN",,,"",,"TVT Bình Phước","ĐVT Bình Dương","TVT Bình Phước","","TX. Bình Long",,,"",,"Bình Phước","","","BSC"
"BBTTP1A","ALCATEL","MN",,,"",,"TVT Bình Thuận","ĐVT Đồng Nai","TVT Bình Thuận","","Tp. Phan Thiết",,,"",,"Bình Thuận","","","BSC"
"BBTPT2A","ALCATEL","MN",,,"",,"TVT Bình Thuận","ĐVT Đồng Nai","TVT Bình Thuận","","Tp. Phan Thiết",,,"",,"Bình Thuận","","","BSC"
"BBTTN2A","ALCATEL","MN",,,"",,"TVT Bình Thuận","ĐVT Đồng Nai","TVT Bình Thuận","","Tp. Phan Thiết",,,"",,"Bình Thuận","","","BSC"
"BBTTL2A","ALCATEL","MN",,,"",,"TVT Bình Thuận","ĐVT Đồng Nai","TVT Bình Thuận","","Tp. Phan Thiết",,,"",,"Bình Thuận","","","BSC"
"BBTLG1A","ALCATEL","MN",,,"",,"TVT Bình Thuận","ĐVT Đồng Nai","TVT Bình Thuận","","Tp. Phan Thiết",,,"",,"Bình Thuận","","","BSC"
"BBTHT2A","ALCATEL","MN",,,"",,"TVT Bình Thuận","ĐVT Đồng Nai","TVT Bình Thuận","","Tp. Phan Thiết",,,"",,"Bình Thuận","","","BSC"
"BCMU05Z","ZTE","MN",,,"",,"TVT Cà Mau","ĐVT Cần Thơ","TVT Cà Mau","","Cà Mau",,,"",,"Cà Mau","","","BSC"
"BCMU04Z","ZTE","MN",,,"",,"TVT Cà Mau","ĐVT Cần Thơ","TVT Cà Mau","","Cà Mau",,,"",,"Cà Mau","","","BSC"
"BCMU01Z","ZTE","MN",,,"",,"TVT Cà Mau","ĐVT Cần Thơ","TVT Cà Mau","","Cà Mau",,,"",,"Cà Mau","","","BSC"
"BCTO06E","ERICSSON","MN",,,"",,"TVT Cần Thơ","ĐVT Cần Thơ","TVT Cần Thơ","","Ninh Kiều",,,"",,"Cần Thơ","","","BSC"
"BCTO03E","ERICSSON","MN",,,"",,"TVT Cần Thơ","ĐVT Cần Thơ","TVT Cần Thơ","","Ninh Kiều",,,"",,"Cần Thơ","","","BSC"
"BCTO02E","ERICSSON","MN",,,"",,"TVT Cần Thơ","ĐVT Cần Thơ","TVT Cần Thơ","","Ninh Kiều",,,"",,"Cần Thơ","","","BSC"
"BCTO04E","ERICSSON","MN",,,"",,"TVT Cần Thơ","ĐVT Cần Thơ","TVT Cần Thơ","","Ninh Kiều",,,"",,"Cần Thơ","","","BSC"
"BCTO05E","ERICSSON","MN",,,"",,"TVT Cần Thơ","ĐVT Cần Thơ","TVT Cần Thơ","","Ninh Kiều",,,"",,"Cần Thơ","","","BSC"
"NINH_BINH_2","ALCATEL","MB",,,"",,"TVT Ninh Bình","ĐVT Nam Định","TVT Ninh Bình","","Ninh Bình",,,"",,"Ninh Bình","","","BSC"
"BDAN06E","ERICSSON","MT",,,"",,"TVT Đà Nẵng 2","ĐVT Đà Nẵng","TVT Đà Nẵng 2","","Hải Châu",,,"",,"Đà Nẵng","","","BSC"
"BDAN05E","ERICSSON","MT",,,"",,"TVT Đà Nẵng 2","ĐVT Đà Nẵng","TVT Đà Nẵng 2","","Hải Châu",,,"",,"Đà Nẵng","","","BSC"
"BDAN09E","ERICSSON","MT",,,"",,"TVT Đà Nẵng 2","ĐVT Đà Nẵng","TVT Đà Nẵng 2","","Hải Châu",,,"",,"Đà Nẵng","","","BSC"
"BDAN04E","ERICSSON","MT",,,"",,"TVT Đà Nẵng 2","ĐVT Đà Nẵng","TVT Đà Nẵng 2","","Hải Châu",,,"",,"Đà Nẵng","","","BSC"
"BDLK13A","ALCATEL","MT",,,"",,"TVT DakLak","ĐVT Daklak","TVT DakLak","","Buôn Ma Thuột",,,"",,"Đắc Lắc","","","BSC"
"BDLK10A","ALCATEL","MT",,,"",,"TVT DakLak","ĐVT Daklak","TVT DakLak","","Buôn Ma Thuột",,,"",,"Đắc Lắc","","","BSC"
"BQNI03E","ERICSSON","MT",,,"",,"TVT Quảng Ngãi","ĐVT Bình Định","TVT Quảng Ngãi","","Quảng Ngãi",,,"",,"Quảng Ngãi","","","BSC"
"HA_NAM_1","ALCATEL","MB",,,"",,"TVT Hà Nam","ĐVT Nam Định","TVT Hà Nam","","Phủ Lý",,,"",,"Hà Nam","","","BSC"
"HA_NAM_2","ALCATEL","MB",,,"",,"TVT Hà Nam","ĐVT Nam Định","TVT Hà Nam","","Phủ Lý",,,"",,"Hà Nam","","","BSC"
"BQTI02H","HUAWEI","MT",,,"",,"TVT Quảng Trị","ĐVT Đà Nẵng","TVT Quảng Trị","","Quảng Trị",,,"",,"Quảng Trị","","","BSC"
"BQTI01H","HUAWEI","MT",,,"",,"TVT Quảng Trị","ĐVT Đà Nẵng","TVT Quảng Trị","","Quảng Trị",,,"",,"Quảng Trị","","","BSC"
"BSTG02H","HUAWEI","MN",,,"",,"TVT Sóc Trăng","ĐVT Cần Thơ","TVT Sóc Trăng","","Sóc Trăng",,,"",,"Sóc Trăng","","","BSC"
"BSTG04H","HUAWEI","MN",,,"",,"TVT Sóc Trăng","ĐVT Cần Thơ","TVT Sóc Trăng","","Sóc Trăng",,,"",,"Sóc Trăng","","","BSC"
"BSTG03H","HUAWEI","MN",,,"",,"TVT Sóc Trăng","ĐVT Cần Thơ","TVT Sóc Trăng","","Sóc Trăng",,,"",,"Sóc Trăng","","","BSC"
"BSC_NGHE_AN_3","HUAWEI","MB",,,"",,"TVT Nghệ An","ĐVT Nghệ An","TVT Nghệ An","","Vinh",,,"",,"Nghệ An","","","BSC"
"BTNTN1A","ALCATEL","MN",,,"",,"TVT Tây Ninh","ĐVT Bình Dương","TVT Tây Ninh","","TX Tây Ninh",,,"",,"Tây Ninh","","","BSC"
"BTNTC1A","ALCATEL","MN",,,"",,"TVT Tây Ninh","ĐVT Bình Dương","TVT Tây Ninh","","TX Tây Ninh",,,"",,"Tây Ninh","","","BSC"
"BTNTB1A","ALCATEL","MN",,,"",,"TVT Tây Ninh","ĐVT Bình Dương","TVT Tây Ninh","","TX Tây Ninh",,,"",,"Tây Ninh","","","BSC"
"BTNDM1A","ALCATEL","MN",,,"",,"TVT Tây Ninh","ĐVT Bình Dương","TVT Tây Ninh","","TX Tây Ninh",,,"",,"Tây Ninh","","","BSC"
"BTNCT1A","ALCATEL","MN",,,"",,"TVT Tây Ninh","ĐVT Bình Dương","TVT Tây Ninh","","TX Tây Ninh",,,"",,"Tây Ninh","","","BSC"
"BSC_DIEN_CHAU","HUAWEI","MB",,,"",,"TVT Nghệ An","ĐVT Nghệ An","TVT Nghệ An","","Vinh",,,"",,"Nghệ An","","","BSC"
"BSC_QUANG_BINH_1","HUAWEI","MB",,,"",,"TVT Quảng Bình","ĐVT Nghệ An","TVT Quảng Bình","","Đồng Hới",,,"",,"Quảng Bình","","","BSC"
"BSC_QUANG_BINH_2","HUAWEI","MB",,,"",,"TVT Quảng Bình","ĐVT Nghệ An","TVT Quảng Bình","","Đồng Hới",,,"",,"Quảng Bình","","","BSC"
"BSC_TRIEU_SON","HUAWEI","MB",,,"",,"TVT Thanh Hóa","ĐVT Nghệ An","TVT Thanh Hóa","","Thanh Hóa",,,"",,"Thanh Hóa","","","BSC"
"BSC_THANH_HOA_3","HUAWEI","MB",,,"",,"TVT Thanh Hóa","ĐVT Nghệ An","TVT Thanh Hóa","","Thanh Hóa",,,"",,"Thanh Hóa","","","BSC"
"BSC_HAM_RONG","HUAWEI","MB",,,"",,"TVT Thanh Hóa","ĐVT Nghệ An","TVT Thanh Hóa","","Thanh Hóa",,,"",,"Thanh Hóa","","","BSC"
"BSG072E","ERICSSON","MN",,,"",,"TVT 3","ĐVT Đông","TVT 3","","Q.7",,,"",,"Hồ Chí Minh","","","BSC"
"BDLK09A","ALCATEL","MT",,,"",,"TVT DakLak","ĐVT Daklak","TVT DakLak","","Buôn Ma Thuột",,,"",,"Đắc Lắc","","","BSC"
"BDLK08A","ALCATEL","MT",,,"",,"TVT DakLak","ĐVT Daklak","TVT DakLak","","Buôn Ma Thuột",,,"",,"Đắc Lắc","","","BSC"
"BDLBT1N","NOKIA SIEMENS","MT",,,"",,"TVT DakLak","ĐVT Daklak","TVT DakLak","","Buôn Ma Thuột",,,"",,"Đắc Lắc","","","BSC"
"BDLK12A","ALCATEL","MT",,,"",,"TVT DakLak","ĐVT Daklak","TVT DakLak","","Buôn Ma Thuột",,,"",,"Đắc Lắc","","","BSC"
"BDLK11A","ALCATEL","MT",,,"",,"TVT DakLak","ĐVT Daklak","TVT DakLak","","Buôn Ma Thuột",,,"",,"Đắc Lắc","","","BSC"
"BDNG05A","ALCATEL","MT",,,"",,"TVT DakNong","ĐVT Daklak","TVT DakNong","","Gia Nghĩa",,,"",,"Đắc Nông","","","BSC"
"BDNG04A","ALCATEL","MT",,,"",,"TVT DakNong","ĐVT Daklak","TVT DakNong","","Gia Nghĩa",,,"",,"Đắc Nông","","","BSC"
"BDNG01A","ALCATEL","MT",,,"",,"TVT DakNong","ĐVT Daklak","TVT DakNong","","Gia Nghĩa",,,"",,"Đắc Nông","","","BSC"
"BDLK05A","ALCATEL","MT",,,"",,"TVT DakLak","ĐVT Daklak","TVT DakLak","","Buôn Ma Thuột",,,"",,"Đắc Lắc","","","BSC"
"BDLK04A","ALCATEL","MT",,,"",,"TVT DakLak","ĐVT Daklak","TVT DakLak","","Buôn Ma Thuột",,,"",,"Đắc Lắc","","","BSC"
"BDNG02A","ALCATEL","MT",,,"",,"TVT DakNong","ĐVT Daklak","TVT DakNong","","Gia Nghĩa",,,"",,"Đắc Nông","","","BSC"
"BSC_HA_TINH_2","HUAWEI","MB",,,"",,"TVT Hà Tĩnh","ĐVT Nghệ An","TVT Hà Tĩnh","","Hà Tĩnh",,,"",,"Hà Tĩnh","","","BSC"
"BDNLT1N","NOKIA SIEMENS","MN",,,"",,"TVT Biên Hòa","ĐVT Đồng Nai","TVT Biên Hòa","","Tp. Biên Hòa",,,"",,"Đồng Nai","","","BSC"
"BDNBH2N","NOKIA SIEMENS","MN",,,"",,"TVT Biên Hòa","ĐVT Đồng Nai","TVT Biên Hòa","","Tp. Biên Hòa",,,"",,"Đồng Nai","","","BSC"
"BDNBH1N","NOKIA SIEMENS","MN",,,"",,"TVT Biên Hòa","ĐVT Đồng Nai","TVT Biên Hòa","","Tp. Biên Hòa",,,"",,"Đồng Nai","","","BSC"
"BDNTN2A","ALCATEL","MN",,,"",,"TVT Biên Hòa","ĐVT Đồng Nai","TVT Biên Hòa","","Tp. Biên Hòa",,,"",,"Đồng Nai","","","BSC"
"BDNBH3N","NOKIA SIEMENS","MN",,,"",,"TVT Long Khánh","ĐVT Đồng Nai","TVT Long Khánh","","Tp. Biên Hòa",,,"",,"Đồng Nai","","","BSC"
"BDNXL1A","ALCATEL","MN",,,"",,"TVT Long Khánh","ĐVT Đồng Nai","TVT Long Khánh","","Tp. Biên Hòa",,,"",,"Đồng Nai","","","BSC"
"BDNTP2A","ALCATEL","MN",,,"",,"TVT Long Khánh","ĐVT Đồng Nai","TVT Long Khánh","","Tp. Biên Hòa",,,"",,"Đồng Nai","","","BSC"
"BDTP04E","ERICSSON","MN",,,"",,"TVT Đồng Tháp","ĐVT Tiền Giang","TVT Đồng Tháp","","TP Cao Lãnh",,,"",,"Đồng Tháp","","","BSC"
"BDTP03E","ERICSSON","MN",,,"",,"TVT Đồng Tháp","ĐVT Tiền Giang","TVT Đồng Tháp","","TP Cao Lãnh",,,"",,"Đồng Tháp","","","BSC"
"BDTP01E","ERICSSON","MN",,,"",,"TVT Đồng Tháp","ĐVT Tiền Giang","TVT Đồng Tháp","","TP Cao Lãnh",,,"",,"Đồng Tháp","","","BSC"
"BDTP02E","ERICSSON","MN",,,"",,"TVT Đồng Tháp","ĐVT Tiền Giang","TVT Đồng Tháp","","TP Cao Lãnh",,,"",,"Đồng Tháp","","","BSC"
"BGLA09A","ALCATEL","MT",,,"",,"TVT Gia Lai","ĐVT Daklak","TVT Gia Lai","","Pleiku",,,"",,"Gia Lai","","","BSC"
"BGLA08A","ALCATEL","MT",,,"",,"TVT Gia Lai","ĐVT Daklak","TVT Gia Lai","","Pleiku",,,"",,"Gia Lai","","","BSC"
"BGLA07A","ALCATEL","MT",,,"",,"TVT Gia Lai","ĐVT Daklak","TVT Gia Lai","","Pleiku",,,"",,"Gia Lai","","","BSC"
"BGLA05A","ALCATEL","MT",,,"",,"TVT Gia Lai","ĐVT Daklak","TVT Gia Lai","","Pleiku",,,"",,"Gia Lai","","","BSC"
"BGLA04A","ALCATEL","MT",,,"",,"TVT Gia Lai","ĐVT Daklak","TVT Gia Lai","","Pleiku",,,"",,"Gia Lai","","","BSC"
"BGLA03A","ALCATEL","MT",,,"",,"TVT Gia Lai","ĐVT Daklak","TVT Gia Lai","","Pleiku",,,"",,"Gia Lai","","","BSC"
"BGLA06A","ALCATEL","MT",,,"",,"TVT Gia Lai","ĐVT Daklak","TVT Gia Lai","","Pleiku",,,"",,"Gia Lai","","","BSC"
"BSC_DUC_THO","HUAWEI","MB",,,"",,"TVT Hà Tĩnh","ĐVT Nghệ An","TVT Hà Tĩnh","","Hà Tĩnh",,,"",,"Hà Tĩnh","","","BSC"
"BSC_NGHE_AN_2","HUAWEI","MB",,,"",,"TVT Nghệ An","ĐVT Nghệ An","TVT Nghệ An","","Hà Tĩnh",,,"",,"Hà Tĩnh","","","BSC"
"BHNCG2E","ERICSSON","MB",,,"",,"TVT Lạng Sơn","ĐVT Thái Nguyên","TVT Lạng Sơn","","Lạng Sơn",,,"",,"Lạng Sơn","","","BSC"
"TUYEN_QUANG","ALCATEL","MB",,,"",,"TVT Tuyên Quang","ĐVT Thái Nguyên","TVT Tuyên Quang","","Tuyên Quang",,,"",,"Tuyên Quang","","","BSC"
"BAC_KAN_1","ALCATEL","MB",,,"",,"TVT Bắc Cạn","ĐVT Thái Nguyên","TVT Bắc Cạn","","Bắc Cạn",,,"",,"Bắc Cạn","","","BSC"
"BAC_GIANG_2","ALCATEL","MB",,,"",,"TVT Bắc Giang","ĐVT Thái Nguyên","TVT Bắc Giang","","Bắc Giang",,,"",,"Bắc Giang","","","BSC"
"BAC_GIANG_1","ALCATEL","MB",,,"",,"TVT Bắc Giang","ĐVT Thái Nguyên","TVT Bắc Giang","","Bắc Giang",,,"",,"Bắc Giang","","","BSC"
"BAC_NINH_2","ALCATEL","MB",,,"",,"TVT Bắc Ninh","ĐVT Thái Nguyên","TVT Bắc Ninh","","Bắc Ninh",,,"",,"Bắc Ninh","","","BSC"
"BAC_NINH_1","ALCATEL","MB",,,"",,"TVT Bắc Ninh","ĐVT Thái Nguyên","TVT Bắc Ninh","","Bắc Ninh",,,"",,"Bắc Ninh","","","BSC"
"CAO_BANG","ALCATEL","MB",,,"",,"TVT Cao Bằng","ĐVT Thái Nguyên","TVT Cao Bằng","","Cao Bằng",,,"",,"Cao Bằng","","","BSC"
"THAI_NGUYEN_1","ALCATEL","MB",,,"",,"TVT Thái Nguyên","ĐVT Thái Nguyên","TVT Thái Nguyên","","Thái Nguyên",,,"",,"Thái Nguyên","","","BSC"
"THAI_NGUYEN_2","ALCATEL","MB",,,"",,"TVT Thái Nguyên","ĐVT Thái Nguyên","TVT Thái Nguyên","","Thái Nguyên",,,"",,"Thái Nguyên","","","BSC"
"HA_GIANG_1","ALCATEL","MB",,,"",,"TVT Hà Giang","ĐVT Thái Nguyên","TVT Hà Giang","","Hà Giang",,,"",,"Hà Giang","","","BSC"
"LAI_CHAU","ALCATEL","MB",,,"",,"TVT Lai Châu","ĐVT Vĩnh Phúc","TVT Lai Châu","","Lai Châu",,,"",,"Lai Châu","","","BSC"
"LAO_CAI_1","ALCATEL","MB",,,"",,"TVT Lào Cai","ĐVT Vĩnh Phúc","TVT Lào Cai","","Lào Cai",,,"",,"Lào Cai","","","BSC"
"VIET_TRI_2","ALCATEL","MB",,,"",,"TVT Phú Thọ","ĐVT Vĩnh Phúc","TVT Phú Thọ","","Phú Thọ",,,"",,"Phú Thọ","","","BSC"
"VIET_TRI_3","ALCATEL","MB",,,"",,"TVT Phú Thọ","ĐVT Vĩnh Phúc","TVT Phú Thọ","","Phú Thọ",,,"",,"Phú Thọ","","","BSC"
"VINH_PHUC_1","ALCATEL","MB",,,"",,"TVT Vĩnh Phúc","ĐVT Vĩnh Phúc","TVT Vĩnh Phúc","","Vĩnh Tường",,,"",,"Vĩnh Phúc","","","BSC"
"VINH_PHUC_2","ALCATEL","MB",,,"",,"TVT Vĩnh Phúc","ĐVT Vĩnh Phúc","TVT Vĩnh Phúc","","Vĩnh Tường",,,"",,"Vĩnh Phúc","","","BSC"
"YEN_BAI_1","ALCATEL","MB",,,"",,"TVT Yên Bái","ĐVT Vĩnh Phúc","TVT Yên Bái","","Yên Bái",,,"",,"Yên Bái","","","BSC"
"SON_LA_1","ALCATEL","MB",,,"",,"TVT Sơn La","ĐVT Vĩnh Phúc","TVT Sơn La","","Sơn La",,,"",,"Sơn La","","","BSC"
"DIEN_BIEN_1","ALCATEL","MB",,,"",,"TVT Điện Biên","ĐVT Vĩnh Phúc","TVT Điện Biên","","Điện Biên",,,"",,"Điện Biên","","","BSC"
"BHGG01E","ERICSSON","MN",,,"",,"TVT Hậu Giang","ĐVT Cần Thơ","TVT Hậu Giang","","Vị Thanh",,,"",,"Hậu Giang","","","BSC"
"BCTO08E","ERICSSON","MN",,,"",,"TVT Hậu Giang","ĐVT Cần Thơ","TVT Hậu Giang","","Vị Thanh",,,"",,"Hậu Giang","","","BSC"
"BSG082E","ERICSSON","MN",,,"",,"TVT 1","ĐVT Đông","TVT 1","","Q.8",,,"",,"Hồ Chí Minh","","","BSC"
"BSG031E","ERICSSON","MN",,,"",,"TVT 1","ĐVT Đông","TVT 1","","Q.3",,,"",,"Hồ Chí Minh","","","BSC"
"BSCLAB","","MN",,,"",,"TVT 1","ĐVT Đông","TVT 1","","Q.1",,,"",,"Hồ Chí Minh","","","BSC"
"BSGBT3E","ERICSSON","MN",,,"",,"TVT 1","ĐVT Đông","TVT 1","","Q.Bình Tân",,,"",,"Hồ Chí Minh","","","BSC"
"BSGPN2E","ERICSSON","MN",,,"",,"TVT 1","ĐVT Đông","TVT 1","","Q.Phú Nhuận",,,"",,"Hồ Chí Minh","","","BSC"
"BSG032E","ERICSSON","MN",,,"",,"TVT 1","ĐVT Đông","TVT 1","","Q.3",,,"",,"Hồ Chí Minh","","","BSC"
"BSG013E","ERICSSON","MN",,,"",,"TVT 1","ĐVT Đông","TVT 1","","Q.1",,,"",,"Hồ Chí Minh","","","BSC"
"BSG011E","ERICSSON","MN",,,"",,"TVT 1","ĐVT Đông","TVT 1","","Q.1",,,"",,"Hồ Chí Minh","","","BSC"
"BSGPN1E","ERICSSON","MN",,,"",,"TVT 1","ĐVT Đông","TVT 1","","Q.Phú Nhuận",,,"",,"Hồ Chí Minh","","","BSC"
"BSG092E","ERICSSON","MN",,,"",,"TVT 2","ĐVT Đông","TVT 2","","Q.9",,,"",,"Hồ Chí Minh","","","BSC"
"BSG021E","ERICSSON","MN",,,"",,"TVT 2","ĐVT Đông","TVT 2","","Q.2",,,"",,"Hồ Chí Minh","","","BSC"
"BSG091E","ERICSSON","MN",,,"",,"TVT 2","ĐVT Đông","TVT 2","","Q.9",,,"",,"Hồ Chí Minh","","","BSC"
"BSGTD1E","ERICSSON","MN",,,"",,"TVT 2","ĐVT Đông","TVT 2","","Q.Tân Bình",,,"",,"Hồ Chí Minh","","","BSC"
"BSGTD2E","ERICSSON","MN",,,"",,"TVT 2","ĐVT Đông","TVT 2","","Q.Tân Bình",,,"",,"Hồ Chí Minh","","","BSC"
"BSG022E","ERICSSON","MN",,,"",,"TVT 2","ĐVT Đông","TVT 2","","Q.2",,,"",,"Hồ Chí Minh","","","BSC"
"BNTPR2A","ALCATEL","MN",,,"",,"TVT Ninh Thuận","ĐVT Đồng Nai","TVT Ninh Thuận","","Tp. Phan Rang",,,"",,"Ninh Thuận","","","BSC"
"BSGNB2E","ERICSSON","MN",,,"",,"TVT 3","ĐVT Đông","TVT 3","","H.Nhà Bè",,,"",,"Hồ Chí Minh","","","BSC"
"BSG071E","ERICSSON","MN",,,"",,"TVT 3","ĐVT Đông","TVT 3","","Q.7",,,"",,"Hồ Chí Minh","","","BSC"
"BSG101E","ERICSSON","MN",,,"",,"TVT 4","ĐVT Đông","TVT 4","","Q.10",,,"",,"Hồ Chí Minh","","","BSC"
"BSG051E","ERICSSON","MN",,,"",,"TVT 4","ĐVT Đông","TVT 4","","Q.5",,,"",,"Hồ Chí Minh","","","BSC"
"BSG111E","ERICSSON","MN",,,"",,"TVT 4","ĐVT Đông","TVT 4","","Q.11",,,"",,"Hồ Chí Minh","","","BSC"
"BSG102E","ERICSSON","MN",,,"",,"TVT 4","ĐVT Đông","TVT 4","","Q.10",,,"",,"Hồ Chí Minh","","","BSC"
"BSG052E","ERICSSON","MN",,,"",,"TVT 4","ĐVT Đông","TVT 4","","Q.5",,,"",,"Hồ Chí Minh","","","BSC"
"BSG041E","ERICSSON","MN",,,"",,"TVT 4","ĐVT Đông","TVT 4","","Q.4",,,"",,"Hồ Chí Minh","","","BSC"
"BSGHM1N","NOKIA SIEMENS","MN",,,"",,"TVT 5","ĐVT Tây","TVT 5","","H.Hóc Môn",,,"",,"Hồ Chí Minh","","","BSC"
"BSGBC2E","ERICSSON","MN",,,"",,"TVT 5","ĐVT Tây","TVT 5","","H.Bình Chánh",,,"",,"Hồ Chí Minh","","","BSC"
"BSGBC1E","ERICSSON","MN",,,"",,"TVT 5","ĐVT Tây","TVT 5","","H.Bình Chánh",,,"",,"Hồ Chí Minh","","","BSC"
"BBDTM2N","NOKIA SIEMENS","MN",,,"",,"TVT Bình Dương","ĐVT Bình Dương","TVT Bình Dương","","TX.Thủ Dầu Một",,,"",,"Bình Dương","","","BSC"
"BNTPR3A","ALCATEL","MN",,,"",,"TVT Ninh Thuận","ĐVT Đồng Nai","TVT Ninh Thuận","","Tp. Phan Rang",,,"",,"Ninh Thuận","","","BSC"
"BSG1010N","NOKIA SIEMENS","MN",,,"",,"TVT 7","ĐVT Tây","TVT 7","","Q.Gò Vấp",,,"",,"Hồ Chí Minh","","","BSC"
"BSG1011N","NOKIA SIEMENS","MN",,,"",,"TVT 5","ĐVT Tây","TVT 5","","H.Hóc Môn",,,"",,"Hồ Chí Minh","","","BSC"
"BSG101N","NOKIA SIEMENS","MN",,,"",,"TVT 4","ĐVT Đông","TVT 4","","Q.10",,,"",,"Hồ Chí Minh","","","BSC"
